Customer_ID,Gender,Age,Region,City_Tier,Join_Date,Subscription_Type,Tenure_Months,Is_Churned,Churn_Date,Orders_Placed,Total_Spend,Prime_Video_Views,Prime_Music_Streams,Prime_Delivery_Orders,Prime_Usage_Score,Renewal_Count,Payment_Failure_Flag,Avg_Order_Value,Satisfaction_Score,Support_Tickets_Raised,Support_Tickets_Resolved,Resolution_Time_Avg,Complaint_Category,NPS_Score,Feedback_Sentiment,Plan_Fee,Renewal_Revenue,Refund_Amount,Discounts_Applied,CLV_Estimated,CAC,Profit_Per_Customer
CUST0001,Male,49,South India,Tier-3,2023-07-24,Prime Annual,22,1,2025-05-14,27,1501.34,116,16,2,38,3,0,55.61,4.98,4,0,1.6,Account,8,Negative,129,263.23,20,0,582.36,24.96,557.4
CUST0002,Female,56,South India,Tier-1,2023-09-17,Prime Annual,7,0,,17,1750.07,51,15,16,94,1,0,102.95,2.83,1,0,2.4,Streaming,-8,Neutral,149,46.8,0,10,676.29,47.14,619.15
CUST0003,Male,49,East India,Tier-1,2023-10-15,Prime Lite,20,0,,31,895.63,109,11,27,88,0,0,28.89,3.19,4,1,3.0,Account,-7,Neutral,149,319.89,0,0,489.33,60.47,428.86
CUST0004,Male,21,South India,Tier-3,2023-02-03,Prime Student,6,0,,34,135.14,26,7,10,61,2,0,3.97,3.49,2,4,5.6,Delivery,-6,Neutral,199,49.29,50,20,645.66,32.95,592.71
CUST0005,Male,47,South India,Tier-1,2023-12-14,Prime Monthly,21,0,,24,365.26,28,83,20,36,2,0,15.22,3.55,2,3,6.0,Delivery,-10,Neutral,149,279.41,50,20,111.34,72.65,18.69
CUST0006,Female,54,South India,Tier-3,2023-04-05,Prime Student,1,0,,35,90.68,110,2,19,59,1,0,2.59,3.53,1,4,1.2,Payment,-7,Negative,149,166.46,0,0,672.87,99.82,573.05
CUST0007,Male,40,North India,Tier-1,2023-03-13,Prime Student,17,1,2024-08-04,6,1323.86,27,15,22,88,2,0,220.64,4.77,1,1,4.8,Payment,1,Negative,179,205.54,50,30,128.1,56.14,41.96
CUST0008,Male,56,North India,Tier-1,2023-02-08,Prime Annual,11,1,2024-01-04,19,698.01,34,29,20,32,2,0,36.74,4.29,4,4,2.9,Delivery,-1,Positive,199,361.32,50,10,722.94,48.38,664.56
CUST0009,Male,32,North India,Tier-3,2023-06-03,Prime Student,22,1,2025-03-24,30,1107.83,7,22,25,97,1,1,36.93,4.02,3,4,3.0,Account,9,Neutral,199,355.95,50,30,794.37,52.06,712.31
CUST0010,Female,46,East India,Tier-1,2023-09-07,Prime Trial,18,0,,7,1011.89,15,91,29,53,3,0,144.56,3.27,1,1,4.8,Delivery,2,Neutral,199,327.14,0,10,305.85,29.21,266.64
CUST0011,Male,53,Central India,Tier-3,2023-06-11,Prime Annual,21,0,,10,208.98,105,4,3,86,3,1,20.9,4.56,0,0,5.6,Payment,3,Neutral,179,204.06,50,30,247.22,90.66,126.56
CUST0012,Male,30,South India,Tier-1,2023-04-28,Prime Trial,17,0,,32,836.36,35,83,1,31,2,0,26.14,4.89,2,3,5.8,Delivery,-6,Negative,149,294.5,50,0,635.75,53.19,582.56
CUST0013,Male,49,South India,Tier-1,2023-09-16,Prime Monthly,7,0,,34,480.09,29,64,19,52,3,0,14.12,4.55,0,1,3.9,Delivery,-7,Neutral,199,205.16,50,10,277.12,50.98,216.14
CUST0014,Male,24,East India,Tier-2,2023-11-02,Prime Annual,17,0,,28,865.88,17,29,15,46,3,0,30.92,2.5,2,2,2.8,Account,3,Negative,199,347.84,0,10,705.89,72.78,623.11
CUST0015,Female,39,South India,Tier-2,2023-09-25,Prime Monthly,20,0,,15,446.98,1,20,27,70,2,0,29.8,4.09,2,0,4.9,Streaming,-1,Neutral,129,161.11,0,10,171.99,55.36,106.63
CUST0016,Male,45,North India,Tier-3,2023-02-23,Prime Annual,9,1,2023-11-20,30,1688.88,48,83,17,65,3,0,56.3,2.63,1,2,2.3,Payment,6,Neutral,199,388.09,0,20,188.17,71.86,96.31
CUST0017,Female,19,Central India,Tier-2,2023-08-24,Prime Lite,17,0,,37,389.68,76,69,7,12,2,0,10.53,3.14,1,0,3.8,Account,-1,Positive,149,372.93,0,20,785.41,24.92,740.49
CUST0018,Female,59,West India,Tier-3,2023-08-10,Prime Student,20,0,,29,1923.52,3,21,2,72,0,0,66.33,2.65,0,3,2.8,Delivery,-4,Neutral,149,296.64,20,30,571.69,85.1,456.59
CUST0019,Female,23,South India,Tier-2,2023-09-08,Prime Lite,22,0,,22,861.02,89,81,8,28,1,0,39.14,4.01,2,3,4.3,Delivery,5,Neutral,129,111.77,0,0,692.82,95.24,597.58
CUST0020,Male,45,North India,Tier-1,2023-11-09,Prime Monthly,22,0,,4,1700.18,88,71,28,32,1,0,425.04,4.22,0,4,2.2,Streaming,-10,Positive,199,52.66,0,20,327.03,71.9,235.13
CUST0021,Female,45,West India,Tier-3,2023-04-22,Prime Student,8,0,,20,1276.09,93,31,19,38,3,0,63.8,2.79,3,2,2.0,Payment,6,Negative,199,341.88,20,10,573.54,96.37,467.17
CUST0022,Male,37,Central India,Tier-3,2023-09-12,Prime Annual,17,1,2025-02-03,32,1483.93,74,32,28,39,3,0,46.37,3.46,0,0,5.6,Payment,-2,Negative,199,66.12,20,20,515.97,32.11,463.86
CUST0023,Female,47,West India,Tier-1,2023-10-30,Prime Student,7,0,,36,1547.06,6,15,5,48,3,0,42.97,3.64,4,3,1.5,Refund,-5,Neutral,179,341.7,20,0,522.21,58.19,464.02
CUST0024,Female,28,North India,Tier-3,2023-07-26,Prime Trial,1,0,,4,1034.45,94,75,9,34,1,0,258.61,3.42,0,1,3.5,Payment,8,Negative,199,196.31,0,20,577.77,68.14,489.63
CUST0025,Female,45,West India,Tier-3,2023-08-17,Prime Student,13,0,,27,1109.44,107,37,20,17,0,0,41.09,2.8,4,3,2.1,Streaming,2,Neutral,149,162.62,50,10,502.75,66.54,426.21
CUST0026,Female,42,East India,Tier-2,2023-12-07,Prime Trial,23,1,2025-10-27,17,1052.29,73,97,9,67,0,0,61.9,3.55,4,1,1.2,Refund,-8,Positive,149,361.28,0,30,400.34,52.12,318.22
CUST0027,Female,56,West India,Tier-3,2023-03-07,Prime Student,19,1,2024-09-27,12,1196.71,38,13,12,25,1,0,99.73,4.38,4,0,1.2,Refund,-4,Positive,179,241.54,50,10,293.15,47.05,236.1
CUST0028,Female,50,South India,Tier-1,2023-03-16,Prime Trial,19,1,2024-10-06,22,107.32,12,35,16,81,0,0,4.88,2.68,3,3,1.9,Delivery,-2,Neutral,179,230.65,50,0,638.01,30.15,607.86
CUST0029,Female,18,South India,Tier-2,2023-04-13,Prime Monthly,17,0,,17,821.25,30,96,8,10,1,0,48.31,2.7,0,3,5.3,Delivery,-6,Positive,199,223.51,20,30,258.39,51.34,177.05
CUST0030,Female,44,East India,Tier-2,2023-07-11,Prime Lite,13,0,,10,1232.07,70,22,16,14,0,0,123.21,3.39,0,0,2.4,Payment,-1,Positive,129,148.47,0,20,584.65,33.01,531.64
CUST0031,Male,30,North India,Tier-1,2023-09-09,Prime Annual,16,0,,1,1215.56,62,65,23,12,2,0,1215.56,4.85,3,3,5.8,Refund,6,Neutral,179,314.26,0,20,263.33,78.75,164.58
CUST0032,Male,58,South India,Tier-1,2023-08-14,Prime Student,8,1,2024-04-10,22,1596.26,55,84,8,74,2,0,72.56,4.17,2,1,3.9,Delivery,1,Neutral,179,101.12,0,20,537.73,36.71,481.02
CUST0033,Female,20,Central India,Tier-2,2023-10-21,Prime Lite,19,1,2025-05-13,26,1327.27,112,1,8,13,1,0,51.05,4.2,1,3,3.2,Streaming,5,Positive,199,375.56,50,30,622.95,24.69,568.26
CUST0034,Female,56,South India,Tier-3,2023-11-02,Prime Annual,18,0,,18,1984.66,41,90,0,73,0,0,110.26,3.4,0,2,3.9,Delivery,-8,Negative,199,357.59,0,10,253.1,64.19,178.91
CUST0035,Female,23,South India,Tier-2,2023-04-08,Prime Annual,1,1,2023-05-08,14,603.52,60,72,1,98,3,0,43.11,3.98,1,4,3.6,Delivery,-2,Negative,179,134.99,20,30,141.96,67.62,44.34
CUST0036,Male,25,North India,Tier-1,2023-12-04,Prime Trial,14,1,2025-01-27,29,750.34,41,64,27,19,0,0,25.87,2.53,3,1,4.8,Refund,4,Neutral,129,291.79,0,30,191.68,89.75,71.93
CUST0037,Female,44,West India,Tier-2,2023-10-13,Prime Monthly,19,0,,12,798.5,55,74,15,30,2,0,66.54,4.09,2,2,2.4,Refund,-6,Neutral,179,229.29,20,0,524.2,66.16,458.04
CUST0038,Male,26,South India,Tier-1,2023-12-01,Prime Monthly,15,1,2025-02-23,36,958.33,35,66,28,55,2,0,26.62,4.78,2,0,2.8,Account,2,Negative,199,135.06,0,30,694.61,47.64,616.97
CUST0039,Male,54,East India,Tier-2,2023-12-13,Prime Lite,18,1,2025-06-05,35,1680.2,83,51,0,36,0,0,48.01,4.03,2,1,5.5,Streaming,3,Positive,199,395.41,50,20,131.5,84.24,27.26
CUST0040,Male,50,West India,Tier-3,2023-11-04,Prime Monthly,2,0,,12,509.79,67,61,9,75,0,0,42.48,4.68,3,4,5.7,Refund,9,Negative,179,10.09,0,10,613.91,63.22,540.69
CUST0041,Male,59,Central India,Tier-2,2023-09-06,Prime Student,22,0,,7,1563.2,117,22,17,50,3,0,223.31,4.31,4,4,5.5,Payment,4,Negative,129,101.06,0,10,338.92,26.34,302.58
CUST0042,Male,41,North India,Tier-2,2023-06-15,Prime Monthly,17,0,,29,840.35,6,25,25,22,3,0,28.98,2.8,4,0,3.1,Streaming,5,Negative,179,208.03,0,10,434.97,65.27,359.7
CUST0043,Female,32,Central India,Tier-1,2023-12-01,Prime Lite,18,0,,11,1223.62,53,67,27,18,0,0,111.24,4.76,1,0,4.9,Streaming,2,Negative,179,208.78,0,20,750.2,92.64,637.56
CUST0044,Female,49,West India,Tier-1,2023-01-30,Prime Monthly,6,0,,33,1283.45,0,81,7,45,0,0,38.89,2.67,4,1,3.4,Refund,6,Neutral,199,235.57,0,20,332.38,51.71,260.67
CUST0045,Female,49,West India,Tier-1,2023-09-04,Prime Student,19,0,,6,777.05,43,54,20,95,0,0,129.51,3.83,4,3,3.5,Streaming,-3,Neutral,129,300.67,50,20,425.74,43.71,362.03
CUST0046,Female,41,West India,Tier-2,2023-04-16,Prime Trial,4,1,2023-08-14,15,1049.6,119,5,27,99,0,0,69.97,2.86,2,0,2.0,Refund,-9,Positive,149,249.39,0,20,109.58,31.48,58.1
CUST0047,Female,58,Central India,Tier-3,2023-02-20,Prime Lite,1,0,,32,855.41,44,34,10,67,1,0,26.73,2.53,2,3,4.0,Delivery,-6,Positive,129,240.11,0,20,157.12,32.12,105.0
CUST0048,Male,29,West India,Tier-1,2023-03-22,Prime Trial,8,0,,11,184.81,105,21,22,63,0,0,16.8,3.56,1,2,1.9,Account,-5,Positive,179,21.41,50,30,281.01,54.62,196.39
CUST0049,Female,56,Central India,Tier-1,2023-05-13,Prime Trial,23,0,,23,902.47,46,42,1,21,3,0,39.24,3.24,0,4,2.7,Delivery,1,Positive,179,150.61,0,20,119.5,67.65,31.85
CUST0050,Female,19,West India,Tier-2,2023-10-12,Prime Trial,7,0,,26,239.92,12,14,7,90,2,0,9.23,3.72,1,3,5.3,Refund,7,Negative,179,92.82,0,20,541.96,26.45,495.51
CUST0051,Male,20,East India,Tier-1,2023-05-18,Prime Annual,3,1,2023-08-16,34,839.79,118,85,26,87,1,0,24.7,3.94,1,4,2.0,Refund,-10,Neutral,129,106.15,0,20,398.48,95.17,283.31
CUST0052,Female,54,West India,Tier-3,2023-07-03,Prime Annual,10,0,,34,1206.19,21,59,21,23,0,1,35.48,2.61,3,3,1.4,Delivery,6,Neutral,199,221.73,50,20,483.7,80.41,383.29
CUST0053,Male,34,Central India,Tier-3,2023-11-26,Prime Trial,10,0,,29,1179.86,117,11,7,43,2,0,40.68,2.81,3,2,1.3,Payment,0,Positive,179,79.8,0,10,222.25,66.93,145.32
CUST0054,Female,19,South India,Tier-1,2023-09-30,Prime Lite,19,0,,4,1342.11,20,48,16,62,1,0,335.53,3.9,1,0,5.7,Payment,-1,Positive,179,117.58,0,20,307.15,86.28,200.87
CUST0055,Male,19,West India,Tier-1,2023-12-06,Prime Student,14,1,2025-01-29,17,235.76,85,41,14,29,2,0,13.87,3.36,1,2,3.5,Payment,8,Negative,129,94.83,50,30,564.68,26.41,508.27
CUST0056,Female,45,South India,Tier-2,2023-03-10,Prime Student,2,1,2023-05-09,35,1321.64,91,37,16,84,0,0,37.76,4.32,1,0,3.0,Refund,3,Negative,149,379.4,0,30,775.71,58.15,687.56
CUST0057,Female,40,East India,Tier-3,2023-02-03,Prime Monthly,1,0,,13,658.69,8,81,27,25,0,0,50.67,4.13,4,0,5.1,Streaming,-1,Positive,149,377.87,50,30,135.29,70.41,34.88
CUST0058,Male,54,North India,Tier-3,2023-09-19,Prime Lite,23,0,,39,828.14,25,44,22,79,3,0,21.23,4.61,3,4,5.2,Refund,4,Neutral,199,243.98,50,0,723.27,86.29,636.98
CUST0059,Male,49,East India,Tier-1,2023-02-22,Prime Annual,23,0,,15,1723.07,8,34,23,65,0,0,114.87,4.23,1,2,2.7,Streaming,8,Neutral,199,369.81,0,10,503.82,82.68,411.14
CUST0060,Male,50,West India,Tier-2,2023-07-24,Prime Trial,18,0,,29,67.61,14,29,12,92,0,0,2.33,3.57,2,3,4.5,Delivery,-7,Neutral,179,314.33,50,20,494.74,42.17,432.57
CUST0061,Male,18,South India,Tier-3,2023-05-06,Prime Monthly,7,0,,29,1197.4,9,87,18,67,1,0,41.29,4.18,2,2,4.9,Account,-9,Positive,129,235.98,0,0,450.19,95.27,354.92
CUST0062,Male,36,South India,Tier-3,2023-08-23,Prime Student,8,0,,11,1217.49,87,29,4,13,3,0,110.68,3.19,4,4,4.3,Streaming,-2,Neutral,179,2.57,50,20,148.58,29.95,98.63
CUST0063,Male,19,Central India,Tier-2,2023-02-12,Prime Annual,1,0,,32,823.49,41,77,11,13,1,0,25.73,3.27,4,0,1.8,Payment,-1,Negative,199,309.01,0,0,162.91,90.01,72.9
CUST0064,Male,43,South India,Tier-2,2023-08-28,Prime Annual,23,0,,2,512.2,71,5,0,29,2,0,256.1,4.47,0,4,5.4,Refund,0,Negative,129,281.0,20,0,520.64,97.68,422.96
CUST0065,Male,49,Central India,Tier-3,2023-04-21,Prime Trial,3,1,2023-07-20,14,507.61,23,66,22,19,0,0,36.26,3.62,0,1,3.7,Delivery,3,Positive,129,246.1,50,30,338.67,34.17,274.5
CUST0066,Female,23,North India,Tier-3,2023-09-06,Prime Student,23,0,,20,1773.23,79,79,4,33,2,0,88.66,4.5,0,1,2.4,Payment,-4,Negative,199,304.17,0,30,742.09,77.77,634.32
CUST0067,Female,49,West India,Tier-2,2023-05-31,Prime Lite,8,0,,22,911.95,48,6,7,35,1,0,41.45,4.56,4,3,3.1,Delivery,4,Positive,149,205.17,0,0,384.61,23.22,361.39
CUST0068,Male,21,Central India,Tier-3,2023-07-02,Prime Annual,22,0,,11,695.23,25,51,12,46,0,0,63.2,4.64,4,4,1.2,Account,8,Neutral,149,281.63,0,30,200.3,52.43,117.87
CUST0069,Female,28,North India,Tier-1,2023-12-02,Prime Trial,15,0,,27,925.12,90,13,7,94,0,0,34.26,4.79,4,3,1.6,Refund,4,Neutral,129,374.07,0,0,600.3,61.3,539.0
CUST0070,Female,34,South India,Tier-1,2023-04-05,Prime Lite,5,1,2023-09-02,3,1355.31,36,72,24,63,1,0,451.77,3.58,2,3,4.8,Refund,-3,Neutral,179,150.32,0,10,305.35,66.45,228.9
CUST0071,Female,55,South India,Tier-2,2023-01-08,Prime Student,3,0,,17,334.23,67,14,22,30,1,0,19.66,3.3,4,1,1.0,Account,0,Negative,149,283.25,50,30,467.83,94.87,342.96
CUST0072,Female,41,North India,Tier-2,2023-12-26,Prime Annual,19,0,,28,926.4,49,20,10,83,1,1,33.09,3.96,2,3,3.1,Refund,-2,Positive,179,190.28,0,30,588.48,73.78,484.7
CUST0073,Male,22,South India,Tier-2,2023-07-03,Prime Lite,1,1,2023-08-02,29,1196.37,23,34,0,47,1,0,41.25,3.43,0,1,3.6,Streaming,4,Neutral,149,269.76,20,30,730.18,58.5,641.68
CUST0074,Female,51,North India,Tier-1,2023-10-08,Prime Lite,15,0,,21,1899.74,18,65,12,55,1,0,90.46,4.0,0,0,1.3,Delivery,-10,Positive,149,305.16,0,10,654.53,84.77,559.76
CUST0075,Male,23,Central India,Tier-3,2023-07-14,Prime Lite,8,0,,16,542.43,99,90,18,13,0,0,33.9,4.26,0,4,5.9,Payment,-10,Neutral,179,18.18,0,0,573.45,96.04,477.41
CUST0076,Female,39,Central India,Tier-1,2023-12-18,Prime Annual,2,1,2024-02-16,37,750.54,59,1,23,69,1,0,20.28,4.22,1,3,2.1,Account,8,Negative,199,258.64,0,20,575.74,21.77,533.97
CUST0077,Female,28,North India,Tier-3,2023-07-14,Prime Annual,3,0,,20,789.75,38,34,2,66,0,0,39.49,3.44,1,1,2.5,Streaming,-8,Negative,149,90.7,20,30,762.15,98.6,633.55
CUST0078,Female,33,Central India,Tier-1,2023-06-04,Prime Monthly,14,0,,6,1230.8,73,81,23,54,0,1,205.13,2.92,3,2,2.5,Payment,-1,Positive,149,268.01,0,0,307.08,26.89,280.19
CUST0079,Male,50,Central India,Tier-3,2023-04-03,Prime Student,14,1,2024-05-27,19,745.63,88,77,16,29,1,0,39.24,3.58,3,3,2.2,Payment,-3,Negative,179,187.33,0,10,100.78,85.15,5.63
CUST0080,Female,26,Central India,Tier-1,2023-06-09,Prime Trial,11,0,,5,1090.35,17,19,4,26,1,0,218.07,2.86,3,0,1.0,Account,4,Negative,199,309.42,50,20,290.37,42.43,227.94
CUST0081,Male,23,East India,Tier-2,2023-03-02,Prime Lite,16,0,,3,1574.49,18,81,19,80,3,0,524.83,4.73,1,0,4.6,Streaming,-1,Positive,149,49.36,20,30,252.52,30.57,191.95
CUST0082,Female,33,West India,Tier-1,2023-05-02,Prime Monthly,4,0,,1,1425.5,35,9,20,13,0,0,1425.5,3.36,1,2,5.8,Payment,-10,Neutral,149,250.53,0,10,563.28,55.19,498.09
CUST0083,Male,46,South India,Tier-3,2023-02-20,Prime Trial,20,1,2024-10-12,38,920.42,73,24,7,23,1,0,24.22,2.89,3,1,2.1,Payment,7,Negative,199,111.39,0,10,543.6,71.52,462.08
CUST0084,Female,20,East India,Tier-1,2023-10-04,Prime Monthly,5,0,,15,1735.22,96,65,25,12,1,0,115.68,2.56,3,3,4.3,Streaming,-9,Positive,149,341.19,20,20,515.42,50.48,444.94
CUST0085,Male,37,Central India,Tier-1,2023-01-05,Prime Annual,22,0,,34,1138.37,54,24,13,97,1,0,33.48,4.11,4,1,4.7,Refund,8,Negative,199,371.35,0,0,111.37,24.37,87.0
CUST0086,Male,53,North India,Tier-1,2023-04-02,Prime Lite,21,0,,35,1102.82,113,53,3,89,3,0,31.51,4.09,3,0,5.2,Payment,2,Negative,199,398.56,0,30,610.14,67.96,512.18
CUST0087,Female,36,Central India,Tier-2,2023-06-19,Prime Trial,14,0,,25,116.67,68,32,10,67,3,1,4.67,3.35,4,1,3.1,Delivery,-10,Negative,179,318.4,0,30,326.47,92.19,204.28
CUST0088,Male,43,West India,Tier-1,2023-11-13,Prime Trial,23,0,,24,1974.05,46,35,19,64,2,0,82.25,2.68,2,0,2.5,Streaming,-9,Negative,129,301.49,0,0,565.54,50.66,514.88
CUST0089,Female,20,Central India,Tier-2,2023-01-22,Prime Trial,16,0,,12,289.79,48,94,14,13,0,0,24.15,3.52,1,1,2.6,Payment,5,Positive,199,86.2,20,0,489.6,37.31,452.29
CUST0090,Female,36,North India,Tier-2,2023-11-22,Prime Trial,18,0,,18,500.71,98,13,18,33,2,0,27.82,3.28,3,2,4.6,Account,4,Positive,179,134.4,20,0,339.91,55.41,284.5
CUST0091,Female,37,West India,Tier-1,2023-01-01,Prime Trial,7,0,,15,150.81,107,64,6,43,1,0,10.05,4.19,1,4,5.1,Delivery,2,Positive,129,186.27,0,20,194.2,23.87,150.33
CUST0092,Female,49,Central India,Tier-1,2023-05-13,Prime Monthly,10,0,,16,1298.01,97,79,18,39,3,1,81.13,4.01,1,2,1.9,Payment,5,Negative,149,309.35,0,20,166.09,85.64,60.45
CUST0093,Female,24,West India,Tier-1,2023-08-21,Prime Lite,7,0,,27,488.17,32,53,27,91,3,0,18.08,3.41,1,2,2.9,Delivery,6,Negative,129,365.99,20,30,682.06,86.11,565.95
CUST0094,Female,58,South India,Tier-3,2023-01-12,Prime Annual,1,0,,8,401.02,118,51,18,28,2,0,50.13,3.04,2,4,5.5,Delivery,-4,Negative,199,75.66,50,20,742.88,67.04,655.84
CUST0095,Female,50,South India,Tier-1,2023-12-12,Prime Annual,23,0,,25,222.68,20,2,10,40,3,0,8.91,4.97,0,4,5.0,Refund,6,Positive,199,368.95,50,10,554.85,48.25,496.6
CUST0096,Female,57,Central India,Tier-2,2023-02-15,Prime Annual,21,1,2024-11-06,17,251.45,80,98,25,69,1,1,14.79,3.64,3,3,5.9,Delivery,-4,Negative,199,278.25,0,30,172.4,83.98,58.42
CUST0097,Female,56,West India,Tier-1,2023-02-03,Prime Annual,19,0,,29,1190.11,21,40,4,69,3,0,41.04,4.22,0,3,4.8,Refund,2,Neutral,199,244.31,0,20,381.42,64.37,297.05
CUST0098,Female,35,North India,Tier-3,2023-03-19,Prime Monthly,16,0,,8,1392.01,47,5,4,28,2,0,174.0,2.85,0,2,3.0,Streaming,-6,Negative,199,79.94,0,0,610.26,86.07,524.19
CUST0099,Female,57,Central India,Tier-1,2023-08-06,Prime Student,19,0,,15,824.89,36,24,29,58,1,0,54.99,3.71,0,2,4.0,Refund,6,Neutral,179,22.21,0,10,645.87,70.52,565.35
CUST0100,Male,18,South India,Tier-3,2023-10-28,Prime Lite,4,1,2024-02-25,27,985.8,14,12,21,72,2,1,36.51,2.57,1,0,4.3,Account,-8,Negative,199,227.39,0,0,182.75,82.75,100.0
CUST0101,Male,28,South India,Tier-3,2023-03-14,Prime Trial,18,1,2024-09-04,7,1387.64,34,97,7,92,3,0,198.23,3.76,4,0,1.4,Payment,-4,Positive,179,260.61,20,30,100.02,67.89,2.13
CUST0102,Female,45,Central India,Tier-1,2023-10-09,Prime Student,2,0,,3,83.89,91,7,9,31,2,0,27.96,4.91,1,3,3.7,Streaming,6,Negative,149,84.31,50,0,598.5,53.13,545.37
CUST0103,Female,42,West India,Tier-2,2023-09-06,Prime Annual,1,0,,29,680.1,70,20,5,33,2,0,23.45,3.46,1,3,4.5,Streaming,-4,Neutral,199,222.58,0,20,349.62,96.64,232.98
CUST0104,Female,40,South India,Tier-3,2023-02-16,Prime Student,15,1,2024-05-11,24,1947.54,31,97,14,85,0,0,81.15,2.6,0,0,1.8,Account,-10,Neutral,199,342.6,50,20,278.14,63.29,194.85
CUST0105,Female,48,West India,Tier-1,2023-05-01,Prime Lite,5,0,,3,1181.22,10,67,15,39,3,0,393.74,2.58,1,0,4.9,Refund,6,Negative,129,334.03,20,30,109.03,68.41,10.62
CUST0106,Female,47,South India,Tier-1,2023-08-02,Prime Trial,20,0,,20,545.74,9,24,27,67,3,0,27.29,3.47,0,1,3.9,Payment,6,Neutral,149,370.94,0,0,478.21,37.64,440.57
CUST0107,Female,59,South India,Tier-2,2023-08-27,Prime Trial,11,0,,15,1067.37,72,78,16,40,2,0,71.16,2.9,4,1,5.8,Refund,0,Neutral,199,146.35,20,30,695.81,70.05,595.76
CUST0108,Female,52,East India,Tier-3,2023-02-25,Prime Lite,10,0,,25,718.17,77,67,7,73,0,0,28.73,2.56,3,0,1.2,Delivery,-8,Positive,199,127.22,20,0,770.34,65.73,704.61
CUST0109,Female,24,South India,Tier-3,2023-12-16,Prime Lite,2,1,2024-02-14,30,1087.88,76,44,7,28,3,0,36.26,4.39,0,1,2.3,Refund,4,Negative,149,299.77,50,10,496.02,34.79,451.23
CUST0110,Male,33,North India,Tier-1,2023-04-17,Prime Annual,3,1,2023-07-16,14,295.2,56,59,24,57,1,0,21.09,3.65,4,4,4.0,Streaming,0,Negative,179,172.44,0,20,460.12,24.77,415.35
CUST0111,Female,43,Central India,Tier-1,2023-11-15,Prime Trial,23,0,,7,308.79,24,11,8,54,2,0,44.11,3.22,3,3,2.5,Payment,5,Negative,199,35.02,20,30,159.54,68.35,61.19
CUST0112,Male,19,Central India,Tier-2,2023-02-17,Prime Student,23,0,,17,329.91,1,31,1,64,3,0,19.41,4.75,2,3,4.6,Refund,-2,Neutral,129,113.12,50,10,484.21,81.1,393.11
CUST0113,Female,18,West India,Tier-2,2023-03-02,Prime Monthly,12,1,2024-02-25,20,1882.65,63,95,14,64,1,0,94.13,2.79,0,0,4.8,Payment,-10,Negative,199,167.43,0,10,365.99,61.87,294.12
CUST0114,Female,29,South India,Tier-3,2023-12-03,Prime Monthly,20,1,2025-07-25,36,1479.15,34,91,17,27,3,0,41.09,4.89,0,2,1.5,Payment,5,Negative,129,117.01,0,30,524.99,38.14,456.85
CUST0115,Male,22,North India,Tier-3,2023-01-26,Prime Lite,5,0,,9,366.64,6,12,2,72,1,0,40.74,3.28,2,0,3.6,Delivery,-2,Positive,129,132.88,0,30,372.11,73.32,268.79
CUST0116,Female,54,West India,Tier-1,2023-10-19,Prime Annual,5,1,2024-03-17,38,417.28,84,30,16,56,2,0,10.98,4.72,2,1,3.5,Delivery,8,Positive,199,117.51,0,10,268.21,26.41,231.8
CUST0117,Male,49,East India,Tier-3,2023-09-14,Prime Monthly,6,1,2024-03-12,22,1475.12,17,77,3,84,3,0,67.05,4.01,0,2,2.8,Streaming,1,Positive,199,16.6,50,0,166.48,55.35,111.13
CUST0118,Female,26,West India,Tier-2,2023-01-08,Prime Trial,9,1,2023-10-05,2,354.52,66,19,29,66,3,0,177.26,4.57,2,1,5.7,Account,8,Neutral,129,254.84,0,10,320.44,33.07,277.37
CUST0119,Female,58,West India,Tier-2,2023-04-23,Prime Lite,2,0,,24,507.39,41,17,3,54,0,1,21.14,4.96,1,4,5.1,Payment,-2,Negative,149,238.92,20,30,167.65,34.76,102.89
CUST0120,Male,52,South India,Tier-1,2023-12-21,Prime Student,21,0,,8,1928.53,117,92,13,42,2,0,241.07,3.22,3,1,4.5,Account,-4,Positive,149,261.35,0,10,223.83,36.18,177.65
CUST0121,Female,36,East India,Tier-2,2023-09-10,Prime Lite,12,1,2024-09-04,11,547.85,38,59,8,26,1,0,49.8,4.9,3,4,4.6,Streaming,3,Positive,199,76.92,0,0,791.14,50.94,740.2
CUST0122,Male,33,West India,Tier-2,2023-06-29,Prime Student,3,0,,13,1340.18,40,62,8,79,3,0,103.09,3.47,3,4,3.3,Payment,8,Positive,179,118.26,50,20,410.87,24.09,366.78
CUST0123,Female,20,North India,Tier-2,2023-07-26,Prime Lite,20,1,2025-03-17,17,1958.33,112,5,24,13,3,0,115.2,3.46,1,1,5.6,Payment,8,Negative,149,247.85,0,20,472.31,51.82,400.49
CUST0124,Male,37,North India,Tier-2,2023-10-30,Prime Lite,22,0,,8,779.88,74,31,25,29,1,0,97.48,3.35,2,1,4.5,Account,-9,Negative,199,239.85,0,10,711.53,60.94,640.59
CUST0125,Male,41,Central India,Tier-1,2023-05-07,Prime Lite,12,0,,21,84.16,102,92,22,56,2,0,4.01,3.85,4,4,4.6,Refund,-2,Negative,149,202.53,0,0,796.9,58.66,738.24
CUST0126,Female,50,East India,Tier-1,2023-02-25,Prime Student,17,0,,18,526.09,23,42,29,24,0,0,29.23,2.89,2,2,5.3,Delivery,2,Neutral,179,140.17,0,20,507.9,50.62,437.28
CUST0127,Female,41,East India,Tier-3,2023-08-02,Prime Student,10,0,,30,1670.21,59,1,17,79,0,0,55.67,3.88,0,4,2.4,Refund,4,Neutral,199,365.17,0,10,668.73,87.13,571.6
CUST0128,Male,28,Central India,Tier-2,2023-01-14,Prime Lite,14,1,2024-03-09,18,1735.99,45,59,9,56,3,0,96.44,3.85,3,3,5.0,Account,-8,Positive,179,135.91,50,10,328.86,31.63,287.23
CUST0129,Female,25,West India,Tier-3,2023-01-28,Prime Monthly,23,1,2024-12-18,31,1548.61,18,22,20,87,1,0,49.96,4.4,2,4,2.0,Delivery,0,Negative,199,182.25,50,0,314.02,60.46,253.56
CUST0130,Female,53,East India,Tier-1,2023-03-19,Prime Annual,17,1,2024-08-10,38,270.56,67,82,3,84,3,1,7.12,4.58,4,2,2.7,Refund,3,Positive,179,271.25,50,30,381.89,24.96,326.93
CUST0131,Female,55,North India,Tier-1,2023-08-04,Prime Annual,18,0,,32,1601.25,89,30,11,18,1,0,50.04,3.6,0,3,2.7,Delivery,-3,Negative,149,217.21,20,10,570.76,25.69,535.07
CUST0132,Male,57,North India,Tier-1,2023-12-31,Prime Annual,19,0,,11,1841.42,101,4,26,99,0,0,167.4,3.26,1,0,5.9,Payment,7,Negative,149,138.75,0,30,577.53,65.91,481.62
CUST0133,Male,37,South India,Tier-1,2023-06-03,Prime Student,17,0,,25,1221.19,41,82,7,25,2,0,48.85,3.15,1,0,5.3,Refund,8,Negative,179,174.26,0,30,320.67,65.28,225.39
CUST0134,Male,52,East India,Tier-1,2023-01-14,Prime Student,14,0,,33,1884.71,31,33,1,78,1,0,57.11,2.99,4,2,4.5,Delivery,5,Neutral,179,317.79,50,20,193.25,90.24,83.01
CUST0135,Male,42,West India,Tier-1,2023-07-06,Prime Monthly,9,0,,38,1662.34,38,9,21,70,0,0,43.75,2.64,0,4,4.6,Delivery,-9,Neutral,179,111.25,50,30,542.68,64.63,448.05
CUST0136,Male,52,Central India,Tier-1,2023-11-08,Prime Annual,8,0,,8,1350.59,108,88,12,19,3,0,168.82,3.36,3,1,3.8,Delivery,-3,Negative,199,56.9,0,0,189.83,96.78,93.05
CUST0137,Male,42,Central India,Tier-2,2023-01-07,Prime Annual,2,0,,11,1175.51,109,1,20,59,1,0,106.86,3.18,2,2,5.7,Refund,-5,Positive,149,125.27,50,20,504.94,23.9,461.04
CUST0138,Male,46,West India,Tier-3,2023-01-03,Prime Lite,13,0,,22,729.72,35,10,15,12,2,1,33.17,4.92,0,3,3.5,Streaming,1,Negative,199,339.81,20,20,585.4,27.84,537.56
CUST0139,Male,35,South India,Tier-1,2023-04-21,Prime Student,7,1,2023-11-17,24,360.61,103,49,27,86,3,0,15.03,3.89,1,3,2.9,Refund,4,Negative,149,35.6,20,20,590.43,23.53,546.9
CUST0140,Male,35,Central India,Tier-2,2023-08-26,Prime Annual,9,1,2024-05-22,17,1229.66,100,30,1,79,3,0,72.33,3.37,4,0,1.8,Account,-3,Positive,129,396.68,50,10,627.43,34.82,582.61
CUST0141,Female,19,East India,Tier-2,2023-12-29,Prime Monthly,22,0,,12,670.32,96,55,10,90,0,0,55.86,3.95,4,3,4.9,Refund,-7,Negative,199,216.4,0,10,711.0,63.3,637.7
CUST0142,Male,52,South India,Tier-3,2023-08-27,Prime Monthly,22,0,,32,1739.56,35,78,9,60,1,0,54.36,2.85,2,2,4.7,Delivery,4,Positive,149,393.94,0,30,449.97,71.65,348.32
CUST0143,Female,33,East India,Tier-1,2023-10-01,Prime Annual,11,1,2024-08-26,15,1987.01,2,72,14,28,3,0,132.47,3.61,4,3,2.9,Payment,9,Neutral,149,375.6,0,20,611.17,23.65,567.52
CUST0144,Female,58,North India,Tier-3,2023-10-21,Prime Student,14,0,,16,1517.23,72,86,16,51,2,0,94.83,4.07,4,2,1.1,Refund,6,Neutral,199,181.13,0,20,533.42,95.68,417.74
CUST0145,Female,53,South India,Tier-1,2023-08-15,Prime Monthly,4,1,2023-12-13,22,226.44,7,82,7,44,1,0,10.29,3.72,0,1,5.2,Refund,2,Positive,199,79.4,50,0,230.65,87.37,143.28
CUST0146,Male,50,Central India,Tier-2,2023-01-15,Prime Lite,13,1,2024-02-09,28,612.94,96,8,17,55,2,0,21.89,3.5,3,0,1.1,Delivery,7,Neutral,149,65.95,0,30,117.98,43.73,44.25
CUST0147,Male,21,South India,Tier-2,2023-07-11,Prime Monthly,2,0,,20,262.76,69,98,22,35,3,0,13.14,4.98,2,3,4.5,Payment,-9,Neutral,199,96.0,20,0,299.18,26.18,273.0
CUST0148,Male,50,South India,Tier-2,2023-04-29,Prime Trial,23,0,,33,1318.5,40,20,8,78,2,0,39.95,4.7,0,2,5.9,Payment,2,Positive,179,284.05,0,30,410.12,33.59,346.53
CUST0149,Male,31,South India,Tier-2,2023-01-28,Prime Trial,5,0,,10,1542.12,102,72,24,73,0,0,154.21,4.06,3,4,3.2,Account,2,Neutral,199,109.18,0,30,531.97,30.16,471.81
CUST0150,Female,38,South India,Tier-3,2023-07-21,Prime Student,11,0,,32,1855.07,67,27,7,46,2,0,57.97,3.92,0,0,2.2,Refund,4,Negative,199,136.57,0,10,694.97,29.86,655.11
CUST0151,Male,37,East India,Tier-1,2023-02-08,Prime Annual,6,0,,33,904.44,12,61,26,93,1,0,27.41,4.05,0,1,4.5,Payment,9,Negative,199,179.51,0,10,237.37,61.48,165.89
CUST0152,Male,25,North India,Tier-1,2023-09-30,Prime Student,18,1,2025-03-23,2,1807.68,48,6,13,58,2,0,903.84,3.0,4,2,5.1,Payment,-1,Positive,149,365.29,0,0,187.88,39.67,148.21
CUST0153,Male,24,West India,Tier-3,2023-08-19,Prime Student,21,0,,33,1761.89,59,79,27,30,2,0,53.39,3.49,3,1,3.7,Streaming,-8,Neutral,179,75.76,0,30,774.44,48.65,695.79
CUST0154,Male,20,South India,Tier-1,2023-03-27,Prime Student,10,0,,33,668.53,1,15,25,83,0,0,20.26,2.6,2,1,5.8,Streaming,8,Negative,129,2.01,20,20,175.63,99.16,56.47
CUST0155,Male,34,Central India,Tier-2,2023-05-06,Prime Student,4,1,2023-09-03,13,1744.36,59,96,24,73,2,0,134.18,3.69,2,3,1.3,Payment,-8,Negative,129,24.04,20,10,434.94,74.75,350.19
CUST0156,Female,50,South India,Tier-1,2023-10-27,Prime Lite,9,1,2024-07-23,30,782.56,4,3,17,14,2,0,26.09,3.86,3,3,3.5,Account,3,Neutral,179,361.91,0,20,509.89,95.92,393.97
CUST0157,Male,29,Central India,Tier-2,2023-01-25,Prime Lite,6,0,,33,628.9,43,3,21,79,3,0,19.06,3.07,4,2,4.6,Payment,-3,Neutral,179,259.01,0,0,478.96,31.4,447.56
CUST0158,Female,39,East India,Tier-3,2023-05-25,Prime Monthly,2,0,,13,1315.7,26,39,19,99,3,0,101.21,4.91,1,4,5.3,Delivery,-7,Negative,179,109.22,0,10,160.22,50.57,99.65
CUST0159,Male,39,Central India,Tier-1,2023-01-13,Prime Trial,17,0,,26,690.34,31,16,29,13,1,0,26.55,4.77,0,2,1.9,Refund,9,Negative,149,70.88,50,10,139.92,64.38,65.54
CUST0160,Female,47,West India,Tier-3,2023-07-31,Prime Student,5,0,,22,1278.91,20,51,19,48,3,0,58.13,4.31,4,4,5.0,Account,0,Positive,129,117.71,0,30,173.84,26.14,117.7
CUST0161,Male,55,North India,Tier-1,2023-01-25,Prime Monthly,6,0,,39,1239.17,7,92,20,44,3,1,31.77,3.83,3,1,3.8,Delivery,0,Positive,179,45.92,0,0,509.91,20.33,489.58
CUST0162,Male,55,Central India,Tier-2,2023-03-09,Prime Trial,12,0,,2,1148.71,101,51,11,10,3,0,574.36,4.67,0,0,3.0,Account,0,Negative,149,376.61,20,30,481.04,73.63,377.41
CUST0163,Female,25,Central India,Tier-3,2023-03-08,Prime Annual,23,1,2025-01-26,38,791.82,71,35,18,33,3,0,20.84,2.83,2,2,1.7,Delivery,-9,Positive,129,313.68,0,10,263.62,71.35,182.27
CUST0164,Female,44,North India,Tier-1,2023-08-21,Prime Lite,21,0,,39,1119.57,49,37,13,66,0,0,28.71,4.48,1,2,5.3,Refund,6,Negative,199,184.96,50,0,546.44,52.86,493.58
CUST0165,Female,44,West India,Tier-2,2023-04-19,Prime Trial,10,1,2024-02-13,26,1213.15,66,49,16,79,3,0,46.66,2.81,2,4,1.8,Refund,-2,Negative,149,345.99,0,10,674.05,59.17,604.88
CUST0166,Male,51,South India,Tier-3,2023-05-26,Prime Annual,22,1,2025-03-16,15,1114.09,117,62,23,50,0,0,74.27,4.49,3,1,2.5,Streaming,-9,Positive,129,99.78,0,0,129.11,53.24,75.87
CUST0167,Female,38,Central India,Tier-3,2023-04-21,Prime Trial,21,0,,34,916.62,43,62,20,63,0,0,26.96,3.19,0,1,2.5,Delivery,4,Positive,149,286.85,0,10,448.69,21.92,416.77
CUST0168,Male,47,North India,Tier-1,2023-08-16,Prime Lite,6,1,2024-02-12,11,78.6,57,61,2,55,3,0,7.15,4.69,3,4,5.4,Streaming,5,Neutral,129,342.45,0,20,582.52,46.83,515.69
CUST0169,Male,50,East India,Tier-1,2023-04-21,Prime Lite,8,0,,3,1194.77,2,98,25,69,2,0,398.26,4.86,0,1,4.4,Delivery,-7,Neutral,129,142.71,20,20,276.62,34.17,222.45
CUST0170,Female,45,North India,Tier-1,2023-02-03,Prime Monthly,2,1,2023-04-04,6,378.47,85,6,29,69,0,0,63.08,2.87,4,3,5.0,Streaming,-3,Neutral,199,302.99,20,30,315.44,27.87,257.57
CUST0171,Female,50,East India,Tier-2,2023-04-21,Prime Student,12,0,,9,1303.02,69,26,22,66,2,0,144.78,3.66,1,0,2.3,Refund,-2,Negative,149,118.03,0,20,529.55,96.54,413.01
CUST0172,Male,22,West India,Tier-1,2023-09-21,Prime Trial,13,0,,6,1530.72,1,91,6,40,2,0,255.12,4.95,4,2,4.1,Account,-6,Positive,179,119.54,0,10,728.55,67.95,650.6
CUST0173,Male,36,South India,Tier-3,2023-08-24,Prime Trial,21,0,,9,1025.87,86,85,16,93,3,1,113.99,3.71,4,0,3.9,Streaming,5,Negative,199,42.82,0,10,666.95,78.29,578.66
CUST0174,Female,21,North India,Tier-3,2023-03-24,Prime Annual,7,1,2023-10-20,39,1107.61,43,13,11,33,1,0,28.4,4.66,3,2,5.2,Delivery,2,Positive,199,176.02,0,20,508.19,45.23,442.96
CUST0175,Female,52,Central India,Tier-1,2023-02-11,Prime Lite,10,1,2023-12-08,31,1905.38,1,70,8,98,3,0,61.46,3.97,1,3,5.5,Delivery,-4,Negative,129,291.88,0,30,611.16,51.45,529.71
CUST0176,Female,34,West India,Tier-1,2023-04-11,Prime Trial,13,0,,32,1701.98,101,85,14,45,1,0,53.19,3.44,0,1,1.1,Refund,9,Neutral,179,376.09,0,20,355.38,38.95,296.43
CUST0177,Male,45,North India,Tier-3,2023-01-06,Prime Lite,17,1,2024-05-30,12,1832.76,80,4,17,94,1,0,152.73,3.21,0,4,4.4,Delivery,6,Neutral,149,241.52,0,0,548.68,27.76,520.92
CUST0178,Male,47,Central India,Tier-2,2023-06-29,Prime Trial,21,0,,8,1636.84,34,54,20,39,3,0,204.6,3.01,2,3,1.3,Payment,-8,Neutral,179,345.25,0,0,426.33,34.32,392.01
CUST0179,Male,46,North India,Tier-1,2023-10-09,Prime Monthly,14,0,,8,262.39,97,1,12,33,3,0,32.8,4.4,0,0,3.7,Account,-6,Negative,179,329.0,50,0,232.96,83.8,149.16
CUST0180,Male,23,East India,Tier-1,2023-11-16,Prime Student,2,0,,28,340.53,86,61,29,39,1,0,12.16,3.47,3,4,2.4,Streaming,8,Positive,179,69.34,50,20,591.22,74.2,497.02
CUST0181,Male,52,North India,Tier-3,2023-08-14,Prime Trial,22,0,,20,1076.92,29,90,20,95,3,0,53.85,3.78,4,1,2.5,Account,1,Positive,179,194.33,20,20,489.53,63.75,405.78
CUST0182,Male,58,North India,Tier-1,2023-11-11,Prime Lite,11,0,,7,529.84,115,20,29,16,1,0,75.69,3.73,4,3,2.8,Refund,-4,Neutral,179,46.77,0,20,351.04,58.01,273.03
CUST0183,Female,54,North India,Tier-2,2023-12-31,Prime Monthly,1,1,2024-01-30,11,979.56,7,78,7,44,2,0,89.05,3.94,4,4,4.1,Streaming,-2,Neutral,129,272.86,20,0,737.94,93.79,644.15
CUST0184,Male,41,West India,Tier-3,2023-08-17,Prime Trial,19,0,,20,819.01,21,20,13,64,3,0,40.95,4.66,1,3,2.7,Streaming,-5,Neutral,129,379.96,0,30,114.65,25.82,58.83
CUST0185,Male,46,North India,Tier-1,2023-10-16,Prime Annual,21,0,,16,1121.36,43,9,7,23,2,0,70.08,4.95,0,3,4.7,Payment,6,Neutral,199,54.84,50,10,321.04,42.45,268.59
CUST0186,Male,48,Central India,Tier-3,2023-05-30,Prime Student,4,0,,4,1506.41,57,86,13,19,0,0,376.6,3.52,3,1,3.0,Refund,5,Positive,129,293.55,0,20,139.82,48.0,71.82
CUST0187,Female,52,East India,Tier-1,2023-10-04,Prime Trial,19,1,2025-04-26,6,1445.21,35,57,6,89,2,0,240.87,4.57,1,2,1.3,Delivery,-8,Negative,199,252.9,0,30,636.57,82.59,523.98
CUST0188,Male,50,East India,Tier-1,2023-07-17,Prime Monthly,21,1,2025-04-07,22,1066.41,68,38,22,25,2,0,48.47,4.41,2,4,4.9,Payment,-7,Negative,199,233.44,0,10,591.48,99.4,482.08
CUST0189,Male,38,North India,Tier-1,2023-03-11,Prime Annual,11,0,,26,1653.67,76,4,11,63,1,0,63.6,3.93,3,1,2.4,Payment,-1,Negative,149,156.05,0,10,331.95,39.25,282.7
CUST0190,Female,49,West India,Tier-2,2023-04-22,Prime Monthly,8,1,2023-12-18,3,890.18,92,64,10,98,2,0,296.73,4.89,3,3,3.2,Account,-6,Negative,179,142.05,0,10,572.96,89.94,473.02
CUST0191,Male,40,West India,Tier-2,2023-01-04,Prime Monthly,11,0,,14,1798.59,30,12,21,86,3,1,128.47,3.0,3,1,4.4,Account,-1,Neutral,129,18.1,0,30,377.16,86.45,260.71
CUST0192,Male,50,Central India,Tier-3,2023-12-16,Prime Annual,4,1,2024-04-14,11,189.0,46,84,21,79,1,0,17.18,2.77,4,2,2.7,Account,1,Neutral,149,87.16,0,30,629.38,37.97,561.41
CUST0193,Male,20,North India,Tier-1,2023-11-27,Prime Monthly,17,0,,18,1911.59,54,89,10,53,0,0,106.2,4.63,3,4,1.3,Payment,-1,Neutral,129,6.07,0,0,417.93,51.95,365.98
CUST0194,Male,35,East India,Tier-1,2023-11-14,Prime Annual,7,1,2024-06-11,12,1326.65,79,84,24,82,3,0,110.55,3.6,0,2,2.9,Delivery,2,Negative,199,232.57,20,30,388.6,52.77,305.83
CUST0195,Male,42,West India,Tier-2,2023-12-16,Prime Trial,8,0,,23,791.15,105,52,21,54,0,0,34.4,4.62,3,0,5.7,Streaming,0,Neutral,129,42.34,0,30,754.31,98.26,626.05
CUST0196,Female,59,North India,Tier-1,2023-04-05,Prime Annual,3,0,,12,434.45,61,81,27,65,2,0,36.2,4.73,4,4,4.2,Account,5,Neutral,179,349.21,0,30,275.62,34.47,211.15
CUST0197,Female,48,West India,Tier-2,2023-06-01,Prime Annual,22,1,2025-03-22,13,984.41,29,44,28,93,3,0,75.72,2.66,3,2,4.4,Delivery,-3,Positive,199,209.26,0,10,184.31,83.93,90.38
CUST0198,Female,20,West India,Tier-1,2023-11-07,Prime Student,2,0,,25,429.39,54,31,12,91,3,0,17.18,4.71,2,3,4.2,Refund,-3,Positive,199,279.88,0,20,509.18,46.74,442.44
CUST0199,Male,57,East India,Tier-3,2023-05-17,Prime Annual,23,0,,19,374.35,15,35,17,66,0,0,19.7,3.62,2,4,2.0,Account,-3,Neutral,149,164.34,0,0,778.53,78.47,700.06
CUST0200,Male,41,South India,Tier-1,2023-09-04,Prime Annual,15,0,,36,1253.84,11,80,1,30,3,0,34.83,3.78,4,4,3.1,Streaming,2,Positive,179,224.23,50,20,364.49,53.6,290.89
